step,current_T,simulated_T,path_steps,loss,loss_mean_path,err_mse,err_rmse,err_abs_mean,modal_loss,modal_loss_mean_path,path_err_mse_mean,path_ess_mean,weight_mean,weight_std,weight_min,weight_max,weight_entropy,ess_count,ess_ratio,drift_grad_norm,free_energy_grad_norm,potential_grad_norm,total_grad_norm,lr_drift,lr_free_energy,lr_potential,mode_entropy,mode_max,mode_min,mode_weight_0,mode_weight_1,mode_weight_path_mean_0,mode_weight_path_mean_1,mode_weight_path_std_0,mode_weight_path_std_1
0,0.05,0.059999994933605194,2,0.1153680682182312,1.92280113697052,1.9574377536773682,1.3990845680236816,1.2712922096252441,6.195902824401855e-05,3.1560659408569336e-05,1.956058382987976,1997.3130493164062,0.7576819062232971,0.035056259483098984,0.6736942529678345,1.0,7.599855422973633,1995.72802734375,0.9978640079498291,0.9034447047093193,1.018883244230137,0.6484717293079756,1.5082609136193625,0.0001,0.0001,0.0001,0.6930851936340332,0.5055673718452454,0.494432657957077,0.494432657957077,0.5055673718452454,0.49683278799057007,0.5031672716140747,0.002400130033493042,0.002400130033493042
1,0.059500000000000004,0.059999994933605194,2,0.11121964454650879,1.8536607027053833,1.8864028453826904,1.3734638690948486,1.2537994384765625,4.1365623474121094e-05,2.0906329154968262e-05,1.8836382627487183,1997.5430297851562,0.7364136576652527,0.032437022775411606,0.655951976776123,1.0,7.599954128265381,1996.1270751953125,0.9980635643005371,0.8787436909109055,1.0127137382720015,0.6079640085523468,1.4722091650630391,0.0001,0.0001,0.0001,0.6931058168411255,0.504547119140625,0.495452880859375,0.495452880859375,0.504547119140625,0.4974864721298218,0.5025135278701782,0.0020335763692855835,0.0020335614681243896
2,0.069,0.08999998867511749,3,0.15907174348831177,1.7674639225006104,1.8185596466064453,1.3485398292541504,1.2399924993515015,0.00011271238327026367,4.7494967778523765e-05,1.8018526236216228,1995.9324544270833,0.6950698494911194,0.04316111281514168,0.5885436534881592,1.0,7.599038124084473,1992.3177490234375,0.9961588978767395,1.2146124680520753,1.4989681936546928,0.827557165266588,2.0992951090592378,0.0001,0.0001,0.0001,0.6930345296859741,0.5075056552886963,0.4924943149089813,0.4924943149089813,0.5075056552886963,0.49614277482032776,0.5038571953773499,0.0029811840504407883,0.0029811474960297346
3,0.0785,0.08999998867511749,3,0.15243883430957794,1.6937648455301921,1.7058851718902588,1.3060953617095947,1.201303482055664,0.00010246038436889648,4.32133674621582e-05,1.7249312003453572,1996.1029052734375,0.6798485517501831,0.04100710526108742,0.5819984674453735,1.0,7.599140644073486,1992.7496337890625,0.9963748455047607,1.1767099346484826,1.4643483310018617,0.8056750212993325,2.044033890314457,0.0001,0.0001,0.0001,0.6930446624755859,0.5071591734886169,0.49284088611602783,0.49284088611602783,0.5071591734886169,0.49640724062919617,0.5035927891731262,0.0029536206275224686,0.002953620394691825
4,0.088,0.08999998867511749,3,0.14881636202335358,1.6535152594248455,1.670235514640808,1.292375922203064,1.1926299333572388,7.295608520507812e-05,3.0388434727986653e-05,1.6780621608098347,1996.2620442708333,0.6839081048965454,0.040825005620718,0.594826340675354,1.0,7.599186897277832,1992.8984375,0.9964492321014404,1.15101852063466,1.449138908383093,0.759780673031855,2.000528400634813,0.0001,0.0001,0.0001,0.6930742263793945,0.5060388445854187,0.4939611554145813,0.4939611554145813,0.5060388445854187,0.49711498618125916,0.502885103225708,0.0026233948301523924,0.0026233706157654524
5,0.0975,0.11999998986721039,4,0.18851034343242645,1.5709195733070374,1.5751155614852905,1.2550361156463623,1.1617039442062378,0.00011307001113891602,4.4189393520355225e-05,1.599744975566864,1994.6449279785156,0.6661868691444397,0.04962511733174324,0.5528492331504822,1.0,7.5982489585876465,1988.9635009765625,0.9944817423820496,1.4390360490528193,1.8967606001295962,0.9122407437492152,2.5496487403628083,0.0001,0.0001,0.0001,0.6930341124534607,0.5075187087059021,0.4924812912940979,0.4924812912940979,0.5075187087059021,0.49642693996429443,0.5035730600357056,0.0030548498034477234,0.003054853295907378
6,0.107,0.11999998986721039,4,0.1831146478652954,1.525955468416214,1.5183781385421753,1.2322248220443726,1.1390941143035889,0.00011080503463745117,4.205852746963501e-05,1.5477322041988373,1994.4600219726562,0.587676465511322,0.04494928568601608,0.49415308237075806,1.0,7.598134994506836,1988.3675537109375,0.9941837787628174,1.3704811370958285,1.8468962071024357,0.8943209846093803,2.4676008936733527,0.0001,0.0001,0.0001,0.6930363178253174,0.5074446797370911,0.4925553500652313,0.4925553500652313,0.5074446797370911,0.49665915966033936,0.5033408403396606,0.00314322835765779,0.0031432381365448236
7,0.1165,0.11999998986721039,4,0.17530030012130737,1.4608359038829803,1.435129165649414,1.1979687213897705,1.1161359548568726,6.008148193359375e-05,2.2783875465393066e-05,1.4825527966022491,1995.2831420898438,0.6104332804679871,0.042552411556243896,0.5144218802452087,1.0,7.598587989807129,1990.3284912109375,0.9951642751693726,1.2481696992469065,1.8461507749512995,0.8433516314459353,2.3827383944180522,0.0001,0.0001,0.0001,0.6930869817733765,0.5054831504821777,0.49451687932014465,0.49451687932014465,0.5054831504821777,0.49774953722953796,0.5022504925727844,0.002515744883567095,0.002515754895284772
8,0.126,0.15000000596046448,5,0.2087070196866989,1.3913801431655883,1.3764749765396118,1.1732326745986938,1.0945427417755127,6.875395774841309e-05,2.537965774536133e-05,1.4130972623825073,1994.01455078125,0.5574046969413757,0.04502280801534653,0.4642372727394104,1.0,7.597836494445801,1987.0361328125,0.993518054485321,1.4265693894913152,2.280018362424883,0.9597787703614128,2.8556539083132493,0.0001,0.0001,0.0001,0.6930785179138184,0.5058606863021851,0.49413928389549255,0.49413928389549255,0.5058606863021851,0.4975808560848236,0.5024191737174988,0.0026162685826420784,0.002616253448650241
9,0.1355,0.15000000596046448,5,0.20514380931854248,1.3676254749298096,1.3932117223739624,1.1803438663482666,1.1058272123336792,6.35385513305664e-05,2.2417306900024415e-05,1.3838037490844726,1994.0240234375,0.5855515003204346,0.04837397113442421,0.4991673231124878,1.0,7.5977067947387695,1986.4427490234375,0.9932214021682739,1.4827602003682137,2.235419741986937,0.9323278321517506,2.839879296953607,0.0001,0.0001,0.0001,0.693083643913269,0.5056357979774475,0.4943642020225525,0.4943642020225525,0.5056357979774475,0.497932493686676,0.502067506313324,0.002632455201819539,0.00263246800750494
10,0.14500000000000002,0.15000000596046448,5,0.19893138110637665,1.326209306716919,1.3279508352279663,1.1523674726486206,1.075738549232483,2.79843807220459e-05,1.0126829147338868e-05,1.3368222951889037,1994.4751220703124,0.5781802535057068,0.04572204500436783,0.4887791574001312,1.0,7.597994804382324,1987.5704345703125,0.9937852025032043,1.381515120233832,2.2182506282435948,0.878474335242949,2.7569796943064966,0.0001,0.0001,0.0001,0.6931190490722656,0.5037454962730408,0.496254563331604,0.496254563331604,0.5037454962730408,0.4991024136543274,0.5008975267410278,0.0020677722059190273,0.002067784545943141
11,0.1545,0.17999997735023499,6,0.2286098301410675,1.2700545986493428,1.2574602365493774,1.1213653087615967,1.0561673641204834,3.814697265625e-05,1.3808409372965494e-05,1.2859930396080017,1992.6728108723958,0.5392689108848572,0.04882011190056801,0.4493239223957062,1.0,7.597109794616699,1983.741455078125,0.9918707013130188,1.6599460617607817,2.606641656963156,0.9921260560339065,3.245661067769115,0.0001,0.0001,0.0001,0.6931090950965881,0.5043648481369019,0.49563512206077576,0.49563512206077576,0.5043648481369019,0.4987759292125702,0.5012241005897522,0.0023261522874236107,0.0023261418100446463
12,0.16399999999999998,0.17999997735023499,6,0.2213008850812912,1.2294493913650513,1.2245442867279053,1.1065913438796997,1.0414284467697144,1.1116266250610352e-05,5.8909257253011065e-06,1.2415846983591716,1992.893310546875,0.5237700343132019,0.04733293503522873,0.4425819218158722,1.0,7.59716796875,1983.7989501953125,0.9918994903564453,1.549300121536306,2.566054820268633,0.9413798896622815,3.141840910020249,0.0001,0.0001,0.0001,0.6931360363960266,0.5023590326309204,0.4976409673690796,0.4976409673690796,0.5023590326309204,0.4999838173389435,0.5000161528587341,0.0017195075051859021,0.0017194896936416626
13,0.1735,0.17999997735023499,6,0.2130506932735443,1.18361500898997,1.181986689567566,1.0871920585632324,1.021729826927185,1.5497207641601562e-06,4.857778549194336e-06,1.1935666402180989,1993.6956380208333,0.49311119318008423,0.04277287796139717,0.42745843529701233,1.0,7.597445964813232,1985.064208984375,0.9925321340560913,1.4099541074052528,2.5255291144618024,0.8997592358166905,3.0291640060288243,0.0001,0.0001,0.0001,0.6931455731391907,0.5008876919746399,0.4991123080253601,0.4991123080253601,0.5008876919746399,0.5008764863014221,0.4991234838962555,0.0012910730438306928,0.001291080960072577
14,0.183,0.21000000834465027,7,0.23842009902000427,1.135333742414202,1.1042765378952026,1.0508456230163574,0.9949468970298767,1.5795230865478516e-06,6.943941116333008e-06,1.1457293033599854,1992.2799595424108,0.45781558752059937,0.0428294911980629,0.3917245864868164,1.0,7.596920967102051,1982.6483154296875,0.9913241863250732,1.5222286448461182,2.9000268546680767,0.9674589211885003,3.415159230427373,0.0001,0.0001,0.0001,0.6931455731391907,0.500898003578186,0.49910202622413635,0.500898003578186,0.49910202622413635,0.5016785264015198,0.4983214735984802,0.0008125031017698348,0.0008125062449835241
15,0.1925,0.21000000834465027,7,0.23079438507556915,1.0990208898271834,1.0773149728775024,1.037937879562378,0.9741880893707275,2.8312206268310547e-06,1.0145562035696848e-05,1.1059578657150269,1991.9892578125,0.46869996190071106,0.045994482934474945,0.41266298294067383,1.0,7.596560955047607,1980.923583984375,0.9904617667198181,1.4755261868744458,2.8164547244449185,0.9344638377158336,3.3140334046293116,0.0001,0.0001,0.0001,0.6931443214416504,0.5011893510818481,0.49881064891815186,0.5011893510818481,0.49881064891815186,0.5021180510520935,0.4978819787502289,0.0007689676713198423,0.0007689697085879743
16,0.202,0.21000000834465027,7,0.22088171541690826,1.0518177236829485,1.0353331565856934,1.0175132751464844,0.9587945938110352,1.9818544387817383e-05,2.064023699079241e-05,1.0587675401142664,1993.0770612444196,0.45348116755485535,0.04108088091015816,0.4068763256072998,1.0,7.59716796875,1983.7205810546875,0.9918602705001831,1.244588694773098,2.786814354404098,0.9094750959551445,3.184726081664223,0.0001,0.0001,0.0001,0.6931273937225342,0.5031455755233765,0.49685439467430115,0.5031455755233765,0.49685439467430115,0.5032070279121399,0.4967930018901825,0.00021094125986564904,0.0002109360502799973
17,0.21150000000000002,0.23999997973442078,8,0.24587616324424744,1.0244839638471603,1.0005378723144531,1.0002689361572266,0.9424291849136353,4.7773122787475586e-05,3.3933669328689575e-05,1.0311963111162186,1991.755859375,0.3989650309085846,0.0402277447283268,0.3547385334968567,1.0,7.596373081207275,1979.8709716796875,0.9899354577064514,1.4038920891332813,3.148003361157812,0.9800977137840347,3.5834940614373263,0.0001,0.0001,0.0001,0.6930993795394897,0.504889965057373,0.49511009454727173,0.504889965057373,0.49511009454727173,0.5041006803512573,0.49589937925338745,0.00040988787077367306,0.00040987838292494416
18,0.22099999999999997,0.23999997973442078,8,0.23715516924858093,0.9881465137004852,0.9637674689292908,0.9817165732383728,0.9228408336639404,6.344914436340332e-05,4.685297608375549e-05,0.9935910329222679,1991.477783203125,0.41676339507102966,0.04223048314452171,0.3706701993942261,1.0,7.596301555633545,1979.6734619140625,0.9898367524147034,1.1112971380681391,3.057647074428758,0.9519912563090266,3.389760214665636,0.0001,0.0001,0.0001,0.6930837631225586,0.5056329369544983,0.4943670928478241,0.5056329369544983,0.4943670928478241,0.504810631275177,0.495189368724823,0.000532359816133976,0.0005323576624505222
19,0.23049999999999998,0.23999997973442078,8,0.226668581366539,0.9444524347782135,0.9249355792999268,0.961735725402832,0.9044246673583984,0.00011491775512695312,7.043778896331787e-05,0.953033521771431,1993.2933044433594,0.5001124739646912,0.04418569803237915,0.44380441308021545,1.0,7.597315788269043,1984.509033203125,0.9922544956207275,1.0719963416980376,3.044114816735651,0.937662729405559,3.3608068329197063,0.0001,0.0001,0.0001,0.6930321455001831,0.5075814127922058,0.4924186170101166,0.5075814127922058,0.4924186170101166,0.5058282017707825,0.49417179822921753,0.0011202013120055199,0.001120191067457199
20,0.24,0.26999998092651367,9,0.2452770173549652,0.9084334439701505,0.8711113333702087,0.9333334565162659,0.8817199468612671,0.0001933276653289795,0.00010311272409227159,0.9171099662780762,1991.8960096571182,0.4621390998363495,0.044977154582738876,0.40051430463790894,1.0,7.596595764160156,1981.234130859375,0.990617036819458,1.1427499688187048,3.3488210216094467,0.9965992939606646,3.6760970986538677,0.0001,0.0001,0.0001,0.6929539442062378,0.5098305344581604,0.4901694655418396,0.5098305344581604,0.4901694655418396,0.5069677829742432,0.4930322468280792,0.0017356786411255598,0.0017356914468109608
21,0.2495,0.26999998092651367,9,0.24176180362701416,0.8954141206211514,0.8560146689414978,0.9252105951309204,0.8695637583732605,0.00016507506370544434,9.472833739386665e-05,0.8961602052052816,1989.3233506944443,0.391655296087265,0.0457756370306015,0.3402009606361389,1.0,7.595013618469238,1973.0479736328125,0.9865239858627319,0.947687433285792,3.21663727549685,0.9561080791071672,3.4869771281523496,0.0001,0.0001,0.0001,0.6929820775985718,0.5090851783752441,0.49091485142707825,0.5090851783752441,0.49091485142707825,0.5067322254180908,0.4932677447795868,0.0014259775634855032,0.0014259717427194118
22,0.259,0.26999998092651367,9,0.22942385077476501,0.8497180210219489,0.8297098875045776,0.9108841419219971,0.8565369844436646,0.00018906593322753906,0.00011297729280259874,0.8565886351797316,1991.2763807508682,0.49778416752815247,0.051442019641399384,0.43126797676086426,1.0,7.596032619476318,1978.8668212890625,0.9894334077835083,0.8455103208838856,3.163054238343403,0.9433347938723253,3.407298101245836,0.0001,0.0001,0.0001,0.6929581165313721,0.5097218751907349,0.49027812480926514,0.5097218751907349,0.49027812480926514,0.5073468089103699,0.4926532208919525,0.0015844536246731877,0.0015844522276893258
23,0.2685,0.26999998092651367,9,0.2238175868988037,0.8289540674951341,0.828687310218811,0.9103226661682129,0.8527573347091675,0.00025030970573425293,0.00013890862464904785,0.8349573082394071,1992.4371609157986,0.490938663482666,0.04716723784804344,0.4237963557243347,1.0,7.596653461456299,1981.7078857421875,0.9908539652824402,0.6795724482453966,3.138041000990608,0.9385969239119026,3.3451583253845047,0.0001,0.0001,0.0001,0.6928969025611877,0.5111859440803528,0.4888140559196472,0.5111859440803528,0.4888140559196472,0.5080770254135132,0.4919230043888092,0.002052365569397807,0.002052368363365531
24,0.27799999999999997,0.30000001192092896,10,0.2431459128856659,0.8104863226413727,0.7828115820884705,0.8847663998603821,0.8249943852424622,0.00027933716773986816,0.00016635954380035401,0.8102323174476623,1988.9209594726562,0.28887054324150085,0.03524799644947052,0.24693873524665833,1.0,7.594596862792969,1970.6593017578125,0.9853296279907227,0.7129358252393247,3.3660789248889444,0.977801056316704,3.5769903166244736,0.0001,0.0001,0.0001,0.6928678750991821,0.5118170380592346,0.48818299174308777,0.5118170380592346,0.48818299174308777,0.5088530778884888,0.4911469519138336,0.0021897160913795233,0.002189721679314971
25,0.2875,0.30000001192092896,10,0.23414398729801178,0.7804799914360047,0.7778611183166504,0.8819643259048462,0.8181638121604919,0.00032958388328552246,0.0001867741346359253,0.7823063135147095,1990.8892211914062,0.4214979112148285,0.04649915173649788,0.3587731122970581,1.0,7.595480442047119,1975.9522705078125,0.9879761338233948,0.4700434173029113,3.325947058842118,0.9721249116284344,3.4968402159919925,0.0001,0.0001,0.0001,0.6928176879882812,0.5128348469734192,0.4871651530265808,0.5128348469734192,0.4871651530265808,0.5093151330947876,0.4906848967075348,0.0025697206147015095,0.0025697285309433937
26,0.297,0.30000001192092896,10,0.22828608751296997,0.7609536707401275,0.7645359635353088,0.8743774890899658,0.8088778257369995,0.00030490756034851074,0.00017817020416259765,0.7625149488449097,1989.8151977539062,0.49076393246650696,0.05487309768795967,0.41749560832977295,1.0,7.595274925231934,1975.304931640625,0.9876524806022644,0.41686857699365226,3.222394786256079,0.9412627763754932,3.3828365587425555,0.0001,0.0001,0.0001,0.6928423643112183,0.5123454332351685,0.48765456676483154,0.5123454332351685,0.48765456676483154,0.509145975112915,0.49085402488708496,0.0023294941056519747,0.0023295010905712843
27,0.3065,0.32999998331069946,11,0.24106790125370026,0.7305088856003501,0.7098502516746521,0.8425261378288269,0.7786155939102173,0.00033223628997802734,0.00019316781650890005,0.7335621118545532,1988.797773881392,0.40890228748321533,0.04874693602323532,0.33839884400367737,1.0,7.594507217407227,1971.9744873046875,0.9859872460365295,0.3659656043030061,3.4531133511830103,0.9795635336224436,3.6079727487959374,0.0001,0.0001,0.0001,0.6928149461746216,0.5128870606422424,0.48711296916007996,0.5128870606422424,0.48711296916007996,0.5094980597496033,0.49050191044807434,0.0025212427135556936,0.00252124504186213
28,0.316,0.32999998331069946,11,0.2383732795715332,0.7223432876847007,0.713053822517395,0.8444251418113708,0.7761074900627136,0.0004081428050994873,0.00021823969754305753,0.7182521820068359,1986.780672940341,0.27854588627815247,0.03707611933350563,0.23063787817955017,1.0,7.5935821533203125,1965.1824951171875,0.9825912714004517,0.4342843584268751,3.4052100769167404,0.9677458991608475,3.5665937107066448,0.0001,0.0001,0.0001,0.6927391290664673,0.5142823457717896,0.48571765422821045,0.5142823457717896,0.48571765422821045,0.510035514831543,0.48996448516845703,0.002895999699831009,0.0028960087802261114
29,0.32549999999999996,0.32999998331069946,11,0.22637939453125,0.6859981526028026,0.6844341158866882,0.8273053169250488,0.7658376693725586,0.00041052699089050293,0.00023074041713367808,0.6891487078233198,1989.5114635120738,0.373792439699173,0.04380369186401367,0.3139165937900543,1.0,7.594759941101074,1972.9061279296875,0.9864530563354492,0.3792037672217787,3.333010582150131,0.9499478113374311,3.4864245126009425,0.0001,0.0001,0.0001,0.6927366852760315,0.5143252611160278,0.48567479848861694,0.5143252611160278,0.48567479848861694,0.5103148818016052,0.48968517780303955,0.0029917932115495205,0.0029917971696704626
30,0.33499999999999996,0.35999995470046997,12,0.2440749555826187,0.6779860109090805,0.6622902750968933,0.8138121962547302,0.741645097732544,0.00041285157203674316,0.00022501995166142782,0.6713712712128957,1986.688741048177,0.33372700214385986,0.04504711553454399,0.27401483058929443,1.0,7.593104362487793,1964.2119140625,0.9821059703826904,0.47458614162006,3.5084094592830586,0.9689607407841585,3.6705658769439955,0.0001,0.0001,0.0001,0.6927344799041748,0.5143638849258423,0.4856360852718353,0.5143638849258423,0.4856360852718353,0.5101729035377502,0.48982706665992737,0.0029986617155373096,0.002998662181198597
31,0.3445,0.35999995470046997,12,0.22952844202518463,0.6375790139039358,0.6247377991676331,0.7904035449028015,0.7312095165252686,0.0006005764007568359,0.00029890984296798706,0.6439839750528336,1989.0948486328125,0.501994252204895,0.056861165910959244,0.41576939821243286,1.0,7.5949907302856445,1974.6644287109375,0.9873322248458862,0.40618491833546344,3.536213666749509,0.9862178915573917,3.6935645404428907,0.0001,0.0001,0.0001,0.6925468444824219,0.51732337474823,0.48267659544944763,0.51732337474823,0.48267659544944763,0.5116081237792969,0.4883918762207031,0.003826505970209837,0.0038265103939920664
32,0.354,0.35999995470046997,12,0.22806474566459656,0.6335132072369257,0.6230573654174805,0.7893398404121399,0.7234063148498535,0.00042685866355895996,0.00022997458775838217,0.6325561503569285,1986.7300516764324,0.44355764985084534,0.057444654405117035,0.3662356436252594,1.0,7.593507289886475,1967.0089111328125,0.9835044741630554,0.512630260915972,3.3892655314331934,0.9388938597768459,3.554072636693652,0.0001,0.0001,0.0001,0.6927204728126526,0.5146058201789856,0.4853941798210144,0.5146058201789856,0.4853941798210144,0.5102826952934265,0.4897172749042511,0.003038848517462611,0.0030388538725674152
33,0.3635,0.38999995589256287,13,0.24119995534420013,0.6184614438277024,0.6164365410804749,0.7851347327232361,0.7044841647148132,0.0003739297389984131,0.00021631213334890513,0.6125033727058997,1983.0948486328125,0.3356940746307373,0.04856918007135391,0.2731277048587799,1.0,7.591967582702637,1958.991943359375,0.9794959425926208,0.6959208194603966,3.518813738443636,0.9419091407944079,3.7085777249951457,0.0001,0.0001,0.0001,0.6927733421325684,0.5136705040931702,0.48632946610450745,0.5136705040931702,0.48632946610450745,0.5100241899490356,0.48997586965560913,0.002766291843727231,0.002766294637694955
34,0.373,0.38999995589256287,13,0.2290724515914917,0.587365292585813,0.5784476399421692,0.7605574727058411,0.6847525238990784,0.0004241466522216797,0.00022324231954721303,0.5826970659769498,1986.796649639423,0.33062222599983215,0.04437852278351784,0.2682311236858368,1.0,7.593163013458252,1964.6036376953125,0.9823018312454224,0.7056898526335179,3.5023806130730395,0.9367832053787137,3.693539075306963,0.0001,0.0001,0.0001,0.6927231550216675,0.5145598649978638,0.48544013500213623,0.5145598649978638,0.48544013500213623,0.5101181268692017,0.4898819327354431,0.0030373206827789545,0.003037333022803068
35,0.38249999999999995,0.38999995589256287,13,0.22870473563671112,0.5864224067101111,0.5799965262413025,0.7615750432014465,0.6827137470245361,0.0003896057605743408,0.0002230956004216121,0.5764355476085956,1984.4136681189905,0.2719322741031647,0.03995414078235626,0.22067031264305115,1.0,7.5919575691223145,1957.7373046875,0.9788686633110046,0.7295122694008344,3.4047467399037186,0.9134463845713084,3.5998434426482704,0.0001,0.0001,0.0001,0.6927577257156372,0.5139540433883667,0.4860459268093109,0.5139540433883667,0.4860459268093109,0.5101332664489746,0.4898667335510254,0.002972646150738001,0.0029726482462137938
36,0.39199999999999996,0.42000001668930054,14,0.2321927547454834,0.5528399177959987,0.5547731518745422,0.7448309659957886,0.6695387363433838,0.00046494603157043457,0.0002273193427494594,0.549038508108684,1984.0795113699776,0.3213077783584595,0.0461309514939785,0.2598245441913605,1.0,7.592074394226074,1959.606201171875,0.9798030853271484,0.7858991104880265,3.598423380043463,0.9276129163741805,3.798256699662821,0.0001,0.0001,0.0001,0.6926823854446411,0.5152432322502136,0.4847567677497864,0.5152432322502136,0.4847567677497864,0.5101582407951355,0.4898417294025421,0.0032301493920385838,0.003230151254683733
37,0.40149999999999997,0.42000001668930054,14,0.22053003311157227,0.5250714847019741,0.5060626268386841,0.7113807797431946,0.6434264183044434,0.0002624392509460449,0.00016032797949654714,0.5232606955936977,1984.6008562360491,0.4207477271556854,0.05963811278343201,0.3378171920776367,1.0,7.59204626083374,1960.60888671875,0.9803044199943542,0.7396884041188097,3.4182651143334666,0.8798580043134201,3.606359027441862,0.0001,0.0001,0.0001,0.6928848028182983,0.5114527344703674,0.4885472357273102,0.5114527344703674,0.4885472357273102,0.5086969137191772,0.49130311608314514,0.0021236680913716555,0.00212366646155715
38,0.411,0.42000001668930054,14,0.2297443151473999,0.5470103195735386,0.5540800094604492,0.7443655133247375,0.6567832231521606,0.00019973516464233398,0.0001320157732282366,0.5271408941064563,1981.592973981585,0.23619528114795685,0.039411503821611404,0.19056881964206696,1.0,7.589797019958496,1945.8240966796875,0.972912073135376,0.7913815602648206,3.3141748296618148,0.8552814161767404,3.5130536398336405,0.0001,0.0001,0.0001,0.6929474472999573,0.5099930167198181,0.4900070130825043,0.5099930167198181,0.4900070130825043,0.5079253911972046,0.492074579000473,0.001786945853382349,0.0017869420116767287
39,0.4205,0.44999995827674866,15,0.23625168204307556,0.5250037709871928,0.5335086584091187,0.7304167747497559,0.635110080242157,0.00016707181930541992,0.00013552308082580565,0.5104389290014902,1980.531103515625,0.32330322265625,0.05231648311018944,0.2576696574687958,1.0,7.589703559875488,1948.9658203125,0.9744828939437866,0.6936733771424269,3.415114701643967,0.8499045151232728,3.5869944053995773,0.0001,0.0001,0.0001,0.6929800510406494,0.5091394782066345,0.4908605217933655,0.5091394782066345,0.4908605217933655,0.5080767869949341,0.4919232130050659,0.0015886090695858002,0.001588621991686523
40,0.43,0.44999995827674866,15,0.22120673954486847,0.49157055020332335,0.46840032935142517,0.6843977570533752,0.6091572642326355,0.0002009272575378418,0.00012714068094889323,0.48078177571296693,1977.9787027994792,0.30730485916137695,0.05156049504876137,0.24355937540531158,1.0,7.589259147644043,1945.2392578125,0.9726196527481079,0.7148946775456121,3.3600461852121475,0.8336950819096008,3.5349727377084545,0.0001,0.0001,0.0001,0.6929463148117065,0.5100220441818237,0.48997795581817627,0.5100220441818237,0.48997795581817627,0.5077656507492065,0.49223437905311584,0.0018061995506286621,0.0018062042072415352
41,0.43949999999999995,0.44999995827674866,15,0.21655750274658203,0.48123886783917746,0.47977325320243835,0.6926566362380981,0.6116396188735962,0.00011673569679260254,9.331901868184408e-05,0.46703126033147174,1980.827042643229,0.3168548047542572,0.05164205655455589,0.2539205849170685,1.0,7.589811325073242,1948.247802734375,0.9741238951683044,0.8904978752158751,3.239007089524364,0.8133993003350405,3.456265587818536,0.0001,0.0001,0.0001,0.6930303573608398,0.5076408982276917,0.49235913157463074,0.5076408982276917,0.49235913157463074,0.5067373514175415,0.49326273798942566,0.0011304571526125073,0.0011304563377052546
42,0.44899999999999995,0.44999995827674866,15,0.20285984873771667,0.4507996678352356,0.4489629566669464,0.6700469851493835,0.5963007807731628,0.00028845667839050293,0.00014873544375101726,0.4426249980926514,1984.3327718098958,0.30579665303230286,0.04465293511748314,0.24740275740623474,1.0,7.59184455871582,1958.245361328125,0.9791226983070374,0.5441375292797697,3.2788072480960904,0.8091061097293417,3.4207185382225616,0.0001,0.0001,0.0001,0.6928586959838867,0.5120086669921875,0.4879913926124573,0.5120086669921875,0.4879913926124573,0.5082737803459167,0.49172624945640564,0.002430482767522335,0.0024304804392158985
43,0.45849999999999996,0.47999995946884155,16,0.21301628649234772,0.4437839314341545,0.4769473969936371,0.6906138062477112,0.5975174307823181,0.00028204917907714844,0.00014961883425712585,0.4309889245778322,1983.7355194091797,0.29578065872192383,0.04530760273337364,0.23884324729442596,1.0,7.591123580932617,1954.1483154296875,0.977074146270752,0.5757397297917961,3.3800029835228442,0.7994776883762694,3.5206620086704605,0.0001,0.0001,0.0001,0.6928651332855225,0.5118739604949951,0.4881260395050049,0.5118739604949951,0.4881260395050049,0.508239209651947,0.49176082015037537,0.002630816539749503,0.002630827482789755
44,0.46799999999999997,0.47999995946884155,16,0.20458164811134338,0.42621174082159996,0.4345345199108124,0.6591923236846924,0.5746622085571289,0.0002434253692626953,0.0001149345189332962,0.4127158634364605,1980.8197860717773,0.28107672929763794,0.04532286152243614,0.2243891805410385,1.0,7.590345859527588,1949.31640625,0.974658191204071,0.4944446047137554,3.280063187026944,0.772040863721556,3.405779950800671,0.0001,0.0001,0.0001,0.6929036974906921,0.5110327005386353,0.4889673590660095,0.5110327005386353,0.4889673590660095,0.5072517991065979,0.4927482008934021,0.002207814948633313,0.002207797719165683
45,0.4775,0.47999995946884155,16,0.1988939344882965,0.41436238028109074,0.4213912785053253,0.649146556854248,0.5645544528961182,0.00018283724784851074,8.885562419891357e-05,0.4025580547749996,1980.2257766723633,0.31604674458503723,0.04990037530660629,0.25302359461784363,1.0,7.590409278869629,1951.3551025390625,0.9756775498390198,0.49434623750627354,3.165786820791762,0.7431121020379835,3.2891944292532678,0.0001,0.0001,0.0001,0.6929643154144287,0.5095611810684204,0.490438848733902,0.5095611810684204,0.490438848733902,0.5064278244972229,0.4935721755027771,0.0017641163431107998,0.0017641118029132485
46,0.487,0.5100000500679016,17,0.21547192335128784,0.42249398196444793,0.4170238673686981,0.6457738280296326,0.5478257536888123,6.461143493652344e-05,6.361743983100442e-05,0.3981151423033546,1974.0722799862133,0.30606067180633545,0.058295875787734985,0.2402898222208023,1.0,7.586339950561523,1929.9810791015625,0.9649905562400818,0.580389693192194,3.114609116180884,0.7217970207145359,3.2494050350292096,0.0001,0.0001,0.0001,0.6930825710296631,0.5056828856468201,0.49431708455085754,0.5056828856468201,0.49431708455085754,0.5055854916572571,0.4944145083427429,0.0007855196017771959,0.000785523618105799
47,0.49649999999999994,0.5100000500679016,17,0.21664674580097198,0.42479755422648263,0.4066087007522583,0.6376587748527527,0.5504593849182129,6.41942024230957e-05,4.591486033271341e-05,0.3885762042859021,1967.589053883272,0.16290220618247986,0.03628341481089592,0.12725014984607697,1.0,7.583922386169434,1905.47119140625,0.9527356028556824,0.632623097075104,3.040903993902342,0.6936971481390742,3.18253433860821,0.0001,0.0001,0.0001,0.6930829286575317,0.5056664347648621,0.4943335950374603,0.5056664347648621,0.4943335950374603,0.5047693252563477,0.49523067474365234,0.0004561117384582758,0.00045611473615281284
48,0.506,0.5100000500679016,17,0.20659293234348297,0.4050842137897716,0.3820370137691498,0.6180914044380188,0.5283585786819458,6.246566772460938e-05,4.809218294480268e-05,0.37472301546265097,1971.4193258846508,0.17092087864875793,0.03535843268036842,0.13449445366859436,1.0,7.585263729095459,1917.9219970703125,0.958961009979248,0.6014839379318093,2.9380973795186387,0.6721235958246851,3.0734263074276815,0.0001,0.0001,0.0001,0.6930845975875854,0.5055912733078003,0.4944087862968445,0.5055912733078003,0.4944087862968445,0.5048792958259583,0.4951207637786865,0.0004944902611896396,0.0004944813554175198
49,0.5155,0.5399999618530273,18,0.20724362134933472,0.38378451267878216,0.41255784034729004,0.6423066854476929,0.5257181525230408,0.00012296438217163086,6.640288564893935e-05,0.35871759553750354,1973.9972127278645,0.25732365250587463,0.04803115501999855,0.2003270834684372,1.0,7.587063312530518,1932.66455078125,0.9663322567939758,0.6048549685924686,3.067818168694838,0.6647510930889509,3.1967564600651235,0.0001,0.0001,0.0001,0.6930242776870728,0.5078393816947937,0.4921605885028839,0.5078393816947937,0.4921605885028839,0.5055915117263794,0.4944084882736206,0.0013925113016739488,0.0013925150269642472
50,0.525,0.5399999618530273,18,0.19287171959877014,0.35716986656188965,0.36785197257995605,0.6065080165863037,0.5103784203529358,0.00013974308967590332,6.733834743499756e-05,0.3380526569154527,1977.810811360677,0.25526168942451477,0.04461418092250824,0.19947662949562073,1.0,7.588417053222656,1940.716064453125,0.9703580141067505,0.5652900494397497,2.9899809390923653,0.6453385589276162,3.110627060862493,0.0001,0.0001,0.0001,0.6930074691772461,0.5083584785461426,0.4916415214538574,0.5083584785461426,0.4916415214538574,0.5056297779083252,0.4943702518939972,0.001406296156346798,0.0014063002308830619
51,0.5345,0.5399999618530273,18,0.1874861866235733,0.34719666673077476,0.37299859523773193,0.6107361316680908,0.5087520480155945,9.110569953918457e-05,5.00182310740153e-05,0.32897697389125824,1976.2151624891494,0.2635188400745392,0.04733555018901825,0.2045477330684662,1.0,7.587723255157471,1937.4844970703125,0.9687422513961792,0.5207461686129952,2.8553090197614086,0.6236401662174939,2.9686517524586398,0.0001,0.0001,0.0001,0.693056046962738,0.5067494511604309,0.4932505488395691,0.5067494511604309,0.4932505488395691,0.5048953890800476,0.49510467052459717,0.0010264067677780986,0.0010264148004353046
52,0.544,0.5699998140335083,19,0.18749241530895233,0.328934056194205,0.37152019143104553,0.6095245480537415,0.49692729115486145,0.00011929869651794434,5.226543075159976e-05,0.31625357427095113,1978.715087890625,0.4136063754558563,0.06662497669458389,0.3220614790916443,1.0,7.589593887329102,1949.416748046875,0.9747083783149719,0.6365307136180378,2.9271433035116416,0.6047130188667542,3.0559805470354484,0.0001,0.0001,0.0001,0.693027913570404,0.5077219009399414,0.4922780692577362,0.5077219009399414,0.4922780692577362,0.5049055218696594,0.49509453773498535,0.0014403266832232475,0.0014403348322957754
53,0.5535,0.5699998140335083,19,0.18810364603996277,0.3300064174752486,0.3815321922302246,0.617682933807373,0.4985872209072113,6.92605972290039e-05,5.527546531275699e-05,0.310228683446583,1978.4078304893092,0.33380916714668274,0.06097182258963585,0.2577788829803467,1.0,7.587079048156738,1935.4288330078125,0.9677144289016724,0.6040072129314888,2.7517392118179873,0.5788000487441322,2.8760916013847946,0.0001,0.0001,0.0001,0.6930779218673706,0.5058853626251221,0.49411463737487793,0.5058853626251221,0.49411463737487793,0.5051693916320801,0.4948306977748871,0.0009600715129636228,0.0009600546327419579
54,0.5630000000000001,0.5699998140335083,19,0.18878819048404694,0.33120733028963995,0.353792667388916,0.5948047041893005,0.4746688902378082,3.0308961868286133e-05,3.4184832321970084e-05,0.30513338823067515,1976.5725161903783,0.2692198157310486,0.05145329236984253,0.20804360508918762,1.0,7.5862932205200195,1929.5206298828125,0.9647603034973145,0.5233660808678645,2.6029358292104527,0.5584803956816038,2.7131323848922624,0.0001,0.0001,0.0001,0.6931169033050537,0.5038926601409912,0.4961073398590088,0.5038926601409912,0.4961073398590088,0.5041168928146362,0.49588313698768616,0.0003859755815938115,0.00038597508682869375
55,0.5725,0.5999999642372131,20,0.20333613455295563,0.33889353573322295,0.3809882402420044,0.6172424554824829,0.4779602587223053,1.9252300262451172e-05,3.789365291595459e-05,0.3058069422841072,1967.92265625,0.22000007331371307,0.05007478594779968,0.16706952452659607,1.0,7.581293106079102,1901.489013671875,0.9507445096969604,0.671469710319559,2.610001336006798,0.5336949619033418,2.7473275847985277,0.0001,0.0001,0.0001,0.6931278705596924,0.5031057000160217,0.49689432978630066,0.5031057000160217,0.49689432978630066,0.5043185353279114,0.4956814646720886,0.0005523363943211734,0.0005523341824300587
56,0.5820000000000001,0.5999999642372131,20,0.19555260241031647,0.3259210102260113,0.33228641748428345,0.5764428973197937,0.46289199590682983,5.02169132232666e-05,2.7342140674591066e-05,0.2936705030500889,1970.5985168457032,0.23370090126991272,0.04975664243102074,0.17785486578941345,1.0,7.583333969116211,1913.2720947265625,0.9566360712051392,0.7989470115666306,2.509694154998276,0.5034727826140472,2.6814857675842494,0.0001,0.0001,0.0001,0.6930968761444092,0.5050127506256104,0.4949873089790344,0.5050127506256104,0.4949873089790344,0.503672182559967,0.49632787704467773,0.00044339269516058266,0.00044338047155179083
57,0.5915,0.5999999642372131,20,0.20120742917060852,0.3353457286953926,0.322936087846756,0.5682746767997742,0.451232373714447,3.987550735473633e-05,3.0393898487091065e-05,0.2812484249472618,1953.2170776367188,0.08487270772457123,0.02605450339615345,0.06422478705644608,1.0,7.577732086181641,1827.7547607421875,0.9138773679733276,0.6850543965381278,2.434455873865429,0.48934574976347633,2.5759142436862468,0.0001,0.0001,0.0001,0.6931073069572449,0.5044649839401245,0.4955350160598755,0.5044649839401245,0.4955350160598755,0.5038715600967407,0.4961284101009369,0.0004587183357216418,0.00045871816109865904
58,0.601,0.6299999952316284,21,0.1861577033996582,0.29548842566353933,0.3679865002632141,0.6066188812255859,0.4609642028808594,7.978081703186035e-05,4.6133995056152344e-05,0.27200269841012503,1972.1773390997023,0.2485017627477646,0.05040185898542404,0.18716371059417725,1.0,7.584448337554932,1920.9769287109375,0.9604884386062622,0.583110163610584,2.4938704055640013,0.47273111310845567,2.604396622627721,0.0001,0.0001,0.0001,0.6930673718452454,0.5063169598579407,0.4936830699443817,0.5063169598579407,0.4936830699443817,0.5046558380126953,0.4953441023826599,0.0011804341338574886,0.001180433202534914
59,0.6105,0.6299999952316284,21,0.19502174854278564,0.3095583404813494,0.32053905725479126,0.5661616921424866,0.4450583755970001,6.74128532409668e-05,3.940576598757789e-05,0.2749906742856616,1961.7673863002233,0.21253064274787903,0.048692360520362854,0.15901997685432434,1.0,7.58106803894043,1900.2552490234375,0.9501276016235352,0.6873271067990133,2.372985584346638,0.44026403169097084,2.509444470965326,0.0001,0.0001,0.0001,0.6930797100067139,0.5058067440986633,0.49419328570365906,0.5058067440986633,0.49419328570365906,0.5043582916259766,0.49564170837402344,0.0008470274624414742,0.0008470312459394336
60,0.62,0.6299999952316284,21,0.16904547810554504,0.2683261725164595,0.30868619680404663,0.555595338344574,0.4288041889667511,0.00012025237083435059,5.5418128059023906e-05,0.24834673532417842,1974.9214797247023,0.2956262528896332,0.05475803092122078,0.22349299490451813,1.0,7.58651876449585,1933.6580810546875,0.9668290615081787,0.5743627945347834,2.3169926855722958,0.4255789202357354,2.4247608422461666,0.0001,0.0001,0.0001,0.6930269002914429,0.5077553391456604,0.492244690656662,0.5077553391456604,0.492244690656662,0.5051144957542419,0.49488550424575806,0.001249302877113223,0.0012493060203269124
61,0.6295000000000001,0.6299999952316284,21,0.17916281521320343,0.2843854058356512,0.3477018475532532,0.589662492275238,0.43142470717430115,6.446242332458496e-05,4.382218633379255e-05,0.2526864047561373,1966.3692975725446,0.2214389443397522,0.04901796951889992,0.1677790880203247,1.0,7.582219123840332,1906.5762939453125,0.9532881379127502,0.6050322488750179,2.14321208743566,0.4036995470675982,2.2632709511261937,0.0001,0.0001,0.0001,0.6930826902389526,0.5056768655776978,0.49432313442230225,0.5056768655776978,0.49432313442230225,0.504634439945221,0.49536556005477905,0.0006641119834966958,0.0006641098880209029
62,0.639,0.6599999666213989,22,0.22485852241516113,0.3406947112896226,0.36631089448928833,0.6052362322807312,0.43789035081863403,2.9802322387695312e-08,1.9959428093650125e-05,0.27455795827237045,1939.8065019087358,0.09117932617664337,0.029701173305511475,0.06727185845375061,1.0,7.570948600769043,1808.138916015625,0.9040694832801819,0.8280777876332375,1.9616168614957779,0.36375400706902833,2.1600857648100176,0.0001,0.0001,0.0001,0.6931470632553101,0.5001932978630066,0.4998067319393158,0.4998067319393158,0.5001932978630066,0.5028030872344971,0.49719688296318054,0.0014619531575590372,0.0014619508292526007
63,0.6485,0.6599999666213989,22,0.17194533348083496,0.26052320206707175,0.3065146505832672,0.5536376237869263,0.4171697795391083,0.00010204315185546875,6.415627219460227e-05,0.2378936396403746,1970.9414783824575,0.28626471757888794,0.056453295052051544,0.21392546594142914,1.0,7.5848307609558105,1925.130615234375,0.9625653028488159,0.6881486687642614,2.0902262488605365,0.36672856226800843,2.2309379642049163,0.0001,0.0001,0.0001,0.6930451393127441,0.5071430206298828,0.4928569793701172,0.5071430206298828,0.4928569793701172,0.505493700504303,0.49450626969337463,0.001378399203531444,0.001378390472382307
64,0.658,0.6599999666213989,22,0.18499746918678284,0.28029921041293576,0.3359154760837555,0.579582154750824,0.41927751898765564,0.00010851025581359863,6.292760372161865e-05,0.2437505701726133,1964.148975719105,0.16408003866672516,0.0386347658932209,0.12230483442544937,1.0,7.580387115478516,1894.9393310546875,0.9474696516990662,0.7113555524666454,1.9563526580328443,0.338624606476144,2.1090303622111333,0.0001,0.0001,0.0001,0.6930385828018188,0.507366955280304,0.49263307452201843,0.507366955280304,0.49263307452201843,0.505426824092865,0.4945732355117798,0.0014221654273569584,0.001422169036231935
65,0.6675,0.6899996399879456,23,0.18429550528526306,0.2670949380034986,0.3063359260559082,0.5534762144088745,0.41326409578323364,6.23464584350586e-05,5.537271499633789e-05,0.23720830743727478,1970.3198082965353,0.24536216259002686,0.05167457088828087,0.17893698811531067,1.0,7.5827131271362305,1915.058349609375,0.9575291872024536,0.8933462596789626,1.9105766123703807,0.31614528080990423,2.1326786841897785,0.0001,0.0001,0.0001,0.693084716796875,0.5055859684944153,0.4944140911102295,0.5055859684944153,0.4944140911102295,0.5051891803741455,0.4948108196258545,0.0008745566592551768,0.0008745466475374997
66,0.677,0.6899996399879456,23,0.1840716153383255,0.2667704334725504,0.316310852766037,0.5624151825904846,0.41042253375053406,0.00012534856796264648,6.453239399453868e-05,0.23526612183322076,1966.5319664996603,0.29004666209220886,0.06164535880088806,0.21315158903598785,1.0,7.582447052001953,1913.561767578125,0.9567809104919434,0.6135753449210033,1.8556921207092227,0.29630544015821014,1.9768320274177498,0.0001,0.0001,0.0001,0.6930217742919922,0.5079174637794495,0.4920825660228729,0.5079174637794495,0.4920825660228729,0.5054864883422852,0.49451351165771484,0.0014717583544552326,0.001471754745580256
67,0.6865,0.6899996399879456,23,0.18009361624717712,0.26100522927615954,0.26830440759658813,0.5179811120033264,0.38992518186569214,0.0002091825008392334,8.976070777229641e-05,0.2158203325841738,1957.7258088485055,0.10064081847667694,0.028352033346891403,0.07388165593147278,1.0,7.578181743621826,1852.944091796875,0.9264720678329468,0.6058715740649095,1.8153216248141706,0.2898919351189768,1.9355904266721502,0.0001,0.0001,0.0001,0.692937970161438,0.5102274417877197,0.48977261781692505,0.5102274417877197,0.48977261781692505,0.5064254403114319,0.4935746490955353,0.0018957112915813923,0.0018957077991217375
68,0.6960000000000001,0.7199995517730713,24,0.20603322982788086,0.2861573025584221,0.37224793434143066,0.6101212501525879,0.4180191159248352,1.2606382369995117e-05,3.7735948959986367e-05,0.24222172362109026,1962.411137898763,0.23879678547382355,0.06044377014040947,0.1713387668132782,1.0,7.575998783111572,1879.57763671875,0.939788818359375,0.7141089951240708,1.5884872876164275,0.25853840580636733,1.7607060024640693,0.0001,0.0001,0.0001,0.6931346654891968,0.5025070905685425,0.49749287962913513,0.5025070905685425,0.49749287962913513,0.5042900443077087,0.49570998549461365,0.0006830721395090222,0.0006830721977166831
69,0.7055,0.7199995517730713,24,0.17016655206680298,0.23634245184560618,0.3570082187652588,0.5975016355514526,0.4071723222732544,0.00012552738189697266,7.175529996554057e-05,0.2133623535434405,1972.6331481933594,0.370645135641098,0.07184205204248428,0.2707168161869049,1.0,7.584676742553711,1927.5806884765625,0.9637903571128845,0.6549081508171336,1.64287363546894,0.24474626284505105,1.7854520999741963,0.0001,0.0001,0.0001,0.6930215954780579,0.5079237818717957,0.4920762777328491,0.5079237818717957,0.4920762777328491,0.5058303475379944,0.4941697120666504,0.0013771543744951487,0.0013771431986242533
70,0.715,0.7199995517730713,24,0.17646369338035583,0.24508849096794924,0.3532378077507019,0.5943381190299988,0.3953969478607178,0.00011464953422546387,7.842232783635457e-05,0.212785042822361,1967.7868143717449,0.2115952968597412,0.04728265479207039,0.1534247249364853,1.0,7.581130027770996,1904.88232421875,0.9524411559104919,0.5943374601959519,1.5670286364077242,0.23760708198026834,1.692711697047434,0.0001,0.0001,0.0001,0.6930325627326965,0.507570743560791,0.492429256439209,0.507570743560791,0.492429256439209,0.5060493350028992,0.4939507246017456,0.0016202451661229134,0.001620241324417293
71,0.7245,0.7499999403953552,25,0.20230256021022797,0.26973672330379483,0.3415334224700928,0.5844085812568665,0.3999846279621124,7.82012939453125e-05,6.095409393310547e-05,0.22488846898078918,1953.43619140625,0.17217637598514557,0.047228142619132996,0.12216954678297043,1.0,7.5735182762146,1860.048095703125,0.9300240278244019,0.7096350490407983,1.4799009769877958,0.2048758496955064,1.6539839534605603,0.0001,0.0001,0.0001,0.6930689811706543,0.5062540769577026,0.49374595284461975,0.5062540769577026,0.49374595284461975,0.5054600238800049,0.49453994631767273,0.0008172011002898216,0.0008171831141225994
72,0.734,0.7499999403953552,25,0.18742260336875916,0.2498968017101288,0.34623074531555176,0.5884137749671936,0.3971356749534607,0.0002639889717102051,0.00015233397483825682,0.21023832976818085,1962.502861328125,0.20408986508846283,0.050278499722480774,0.14650557935237885,1.0,7.5786004066467285,1885.563720703125,0.9427818655967712,0.6512648303293698,1.5242079788557714,0.23462326124832034,1.674038206478674,0.0001,0.0001,0.0001,0.6928832530975342,0.5114870071411133,0.4885129928588867,0.5114870071411133,0.4885129928588867,0.5081722140312195,0.4918277859687805,0.003061865456402302,0.0030618628952652216
73,0.7435,0.7499999403953552,25,0.18522799015045166,0.24697065114974975,0.32660192251205444,0.5714909434318542,0.38767877221107483,0.00010290741920471191,5.663871765136719e-05,0.2050141930580139,1966.3258984375,0.16343586146831512,0.0401361808180809,0.11609111726284027,1.0,7.578818321228027,1886.24365234375,0.9431218504905701,0.6966767158236381,1.3466132265946507,0.1715764259369685,1.5258322641587345,0.0001,0.0001,0.0001,0.6930441856384277,0.5071750283241272,0.4928250312805176,0.5071750283241272,0.4928250312805176,0.5051474571228027,0.4948525130748749,0.001350820530205965,0.001350817154161632
74,0.753,0.7799997329711914,26,0.2248738706111908,0.2882998465345456,0.3306625187397003,0.575032651424408,0.39066770672798157,9.179115295410156e-06,1.5821594458359938e-05,0.2197392869454164,1944.0486731896033,0.10812800377607346,0.036295272409915924,0.07577379047870636,1.0,7.56588077545166,1797.4718017578125,0.8987358808517456,1.0924332627652822,1.191050942392458,0.1498810964646474,1.6231072435447411,0.0001,0.0001,0.0001,0.6931380033493042,0.5021426677703857,0.49785733222961426,0.5021426677703857,0.49785733222961426,0.502783477306366,0.4972165524959564,0.00041410638368688524,0.0004141150857321918
75,0.7625,0.7799997329711914,26,0.22443193197250366,0.28773322586829847,0.37095582485198975,0.6090614199638367,0.390196293592453,8.791685104370117e-06,3.759677593524639e-05,0.22438957484868857,1948.2946026141826,0.1224031001329422,0.03869277983903885,0.08536575734615326,1.0,7.568389892578125,1818.305419921875,0.9091526865959167,0.8014401125552115,1.0797019281189704,0.15844922250963167,1.3539455911188747,0.0001,0.0001,0.0001,0.6931382417678833,0.5021066665649414,0.49789339303970337,0.5021066665649414,0.49789339303970337,0.5042667984962463,0.49573323130607605,0.0007760950247757137,0.0007760984590277076
76,0.772,0.7799997329711914,26,0.21008659899234772,0.26934179262473035,0.3238343298435211,0.5690644383430481,0.3791061341762543,2.5033950805664062e-05,2.4080276489257812e-05,0.21298125558174574,1944.1429725060095,0.16856294870376587,0.049202706664800644,0.11771301925182343,1.0,7.571472644805908,1842.9735107421875,0.9214867353439331,0.9013821396822252,1.0596886352865649,0.1454747570697531,1.3987825672484315,0.0001,0.0001,0.0001,0.6931220293045044,0.5035438537597656,0.49645620584487915,0.5035438537597656,0.49645620584487915,0.5034146904945374,0.49658530950546265,0.0006241715746000409,0.0006241673836484551
77,0.7815,0.8099995255470276,27,0.2024342268705368,0.2499188079878136,0.3535372316837311,0.5945899486541748,0.3852144777774811,0.00010815262794494629,6.359925976505986e-05,0.20354765708799716,1960.2660997178818,0.14092376828193665,0.03756790608167648,0.09762021899223328,1.0,7.575510501861572,1867.297119140625,0.9336485862731934,0.665359367070526,1.1366977288245845,0.10251039965826345,1.3210954530621761,0.0001,0.0001,0.0001,0.693039059638977,0.5073541402816772,0.49264588952064514,0.5073541402816772,0.49264588952064514,0.5053795576095581,0.49462050199508667,0.0016916655004024506,0.0016916600288823247
78,0.791,0.8099995255470276,27,0.2896832227706909,0.3576336525104664,0.38437142968177795,0.6199769377708435,0.39170360565185547,7.3015689849853516e-06,3.3177711345531325e-05,0.22400017413828108,1905.4534731264469,0.06854128837585449,0.03165269270539284,0.04757915437221527,1.0,7.55424690246582,1648.4464111328125,0.8242232203483582,1.0205731670999338,0.8889104614893648,0.1308240261447161,1.3597228849167533,0.0001,0.0001,0.0001,0.693139910697937,0.5019102096557617,0.4980897903442383,0.5019102096557617,0.4980897903442383,0.5039830803871155,0.4960169494152069,0.0008530215709470212,0.000853025063406676
79,0.8005,0.8099995255470276,27,0.2128632813692093,0.2627941927424184,0.3874788284301758,0.6224779486656189,0.40026262402534485,3.5762786865234375e-05,4.65920677891484e-05,0.21469011902809143,1959.858339662905,0.2351377308368683,0.0614258274435997,0.16290701925754547,1.0,7.5746355056762695,1872.233642578125,0.9361168146133423,0.7393128216823129,0.9072292002422967,0.10124165776363993,1.1746906585747887,0.0001,0.0001,0.0001,0.6931114196777344,0.5042299032211304,0.495770126581192,0.5042299032211304,0.495770126581192,0.5047268271446228,0.495273232460022,0.0009799698600545526,0.000979958102107048
80,0.81,0.8399998545646667,28,0.36175888776779175,0.4306653631584985,0.38717523217201233,0.622234046459198,0.40054962038993835,4.2557716369628906e-05,3.7280576569693426e-05,0.23195808194577694,1867.9833068847656,0.033385019749403,0.024631770327687263,0.02222408540546894,1.0,7.527676105499268,1295.032958984375,0.6475164890289307,1.3214453132032251,0.5762109675773733,0.1631177326532403,1.45080811606813,0.0001,0.0001,0.0001,0.6931045055389404,0.5046162009239197,0.4953838586807251,0.4953838586807251,0.5046162009239197,0.5033008456230164,0.49669918417930603,0.0027848787140101194,0.0027848766185343266
81,0.8195,0.8399998545646667,28,0.21003782749176025,0.2500450334378651,0.3566635251045227,0.5972131490707397,0.39143311977386475,4.190206527709961e-05,2.7557568890707834e-05,0.20821653572576387,1957.6578805106026,0.23730787634849548,0.06136186420917511,0.16141775250434875,1.0,7.5743632316589355,1874.65869140625,0.9373293519020081,0.8522404970501313,0.8024364212181482,0.08659351102573216,1.1737616926196763,0.0001,0.0001,0.0001,0.6931052207946777,0.5045793056488037,0.4954207241535187,0.5045793056488037,0.4954207241535187,0.5036640167236328,0.4963359832763672,0.0006010993965901434,0.0006010890356265008
82,0.829,0.8399998545646667,28,0.2498035430908203,0.297385181167296,0.40328076481819153,0.6350439190864563,0.40289202332496643,1.7881393432617188e-07,1.783775431769235e-05,0.2198023343724864,1913.6307591029577,0.08787089586257935,0.03444472327828407,0.060088180005550385,1.0,7.5568413734436035,1733.6162109375,0.8668081164360046,0.909680574517128,0.5993158795999491,0.0724872168188318,1.0917658484293293,0.0001,0.0001,0.0001,0.6931470036506653,0.5003029108047485,0.49969708919525146,0.49969708919525146,0.5003029108047485,0.5027545690536499,0.4972454607486725,0.0011568621266633272,0.0011568558402359486
83,0.8385,0.8399998545646667,28,0.20103013515472412,0.23932160011359624,0.32387131452560425,0.5690969228744507,0.3812970221042633,4.607439041137695e-05,2.6963651180267334e-05,0.1952140884740012,1949.5188685825892,0.18541604280471802,0.05348079651594162,0.12765076756477356,1.0,7.570681095123291,1846.3883056640625,0.923194169998169,0.9298168159303717,0.7098928342461935,0.09295924643351294,1.173519735155091,0.0001,0.0001,0.0001,0.6931010484695435,0.5048003792762756,0.49519962072372437,0.5048003792762756,0.49519962072372437,0.5036479234695435,0.49635204672813416,0.00042368340655229986,0.0004236847744323313
84,0.848,0.869999885559082,29,0.21995936334133148,0.2528268828474242,0.41215938329696655,0.6419963836669922,0.4011773467063904,0.00020167231559753418,8.646270324443949e-05,0.20373625642266766,1956.7599971376617,0.21110635995864868,0.05592888966202736,0.14357922971248627,1.0,7.573732376098633,1868.8287353515625,0.9344143867492676,0.8500893844134124,0.7835888174535007,0.06273215677992393,1.1578422689748422,0.0001,0.0001,0.0001,0.6929455399513245,0.5100407600402832,0.4899592399597168,0.5100407600402832,0.4899592399597168,0.5060006380081177,0.4939993619918823,0.002688152249902487,0.0026881613302975893
85,0.8575,0.869999885559082,29,0.4069851040840149,0.4677990012127778,0.4118618667125702,0.6417646408081055,0.40237194299697876,0.0001996755599975586,3.706381238740066e-05,0.22510557801559053,1733.072318241514,0.01857908070087433,0.02280418574810028,0.012143605388700962,1.0,7.481945037841797,797.91259765625,0.398956298828125,1.6359039124207955,0.1666605715898121,0.14536349313898078,1.65078402643528,0.0001,0.0001,0.0001,0.692947506904602,0.5099908113479614,0.4900091886520386,0.4900091886520386,0.5099908113479614,0.5011029243469238,0.4988970160484314,0.0041618249379098415,0.0041618188843131065
86,0.867,0.869999885559082,29,0.23425883054733276,0.26926301060051755,0.35357633233070374,0.5946228504180908,0.3818179965019226,6.076693534851074e-05,4.034206785004714e-05,0.20634941962258568,1947.356937803071,0.13048861920833588,0.043415751308202744,0.08890482038259506,1.0,7.565744400024414,1800.665771484375,0.9003328680992126,0.8024676837369704,0.5534899112287077,0.027389023344609544,0.9752208077527431,0.0001,0.0001,0.0001,0.6930864453315735,0.5055117607116699,0.4944882392883301,0.5055117607116699,0.4944882392883301,0.5043959617614746,0.4956040680408478,0.0009241420193575323,0.0009241400985047221
87,0.8765000000000001,0.8999995589256287,30,0.25897765159606934,0.28775297353665036,0.36007949709892273,0.6000662446022034,0.3991532325744629,8.174777030944824e-05,5.1553050676981606e-05,0.2037871023019155,1935.7164754231771,0.11318498849868774,0.04236869513988495,0.0743500143289566,1.0,7.55997371673584,1754.195068359375,0.8770975470542908,0.7981099207391521,0.589192498526044,0.04941213812314861,0.9932617003063791,0.0001,0.0001,0.0001,0.6930654048919678,0.5063936114311218,0.4936063885688782,0.5063936114311218,0.4936063885688782,0.5048564672470093,0.4951435625553131,0.001483352156355977,0.001483351574279368
88,0.886,0.8999995589256287,30,0.3133690059185028,0.3481877908110619,0.49886155128479004,0.7063013315200806,0.41627347469329834,1.1414289474487305e-05,1.1209646860758463e-05,0.23344726661841075,1916.1791219075521,0.0980519950389862,0.04272838681936264,0.06446846574544907,1.0,7.546435832977295,1680.8162841796875,0.8404081463813782,0.9600322283140572,0.25441616964729613,0.052791842086139275,0.9945734992299482,0.0001,0.0001,0.0001,0.6931357383728027,0.5023944973945618,0.497605562210083,0.497605562210083,0.5023944973945618,0.5019394159317017,0.4980606436729431,0.0013614572817459702,0.0013614583294838667
89,0.8955,0.8999995589256287,30,0.24795083701610565,0.27550092587868374,0.34329453110694885,0.5859134197235107,0.39250269532203674,8.642673492431641e-07,1.350541909535726e-05,0.20752839669585227,1936.7414225260416,0.1369355320930481,0.04804431274533272,0.0889773815870285,1.0,7.560530662536621,1780.7882080078125,0.8903940916061401,0.8127239553661293,0.34493669703068763,0.0309068946382264,0.883434654471164,0.0001,0.0001,0.0001,0.6931462287902832,0.5006793141365051,0.49932071566581726,0.5006793141365051,0.49932071566581726,0.5024611353874207,0.49753889441490173,0.0008394581964239478,0.0008394666947424412
90,0.905,0.9299995303153992,31,0.2687326669692993,0.28895987522217537,0.41485118865966797,0.64408940076828,0.41207075119018555,1.0013580322265625e-05,9.052215083952873e-06,0.21070468065238768,1921.9418827179938,0.11729146540164948,0.0454837903380394,0.07678639143705368,1.0,7.5541672706604,1738.561279296875,0.8692806363105774,1.2068939394184923,0.3615452903274731,0.1627433040192178,1.2703516682266198,0.0001,0.0001,0.0001,0.6931371092796326,0.5022414326667786,0.4977585971355438,0.5022414326667786,0.4977585971355438,0.5020122528076172,0.4979877471923828,0.0006970497779548168,0.0006970452959649265
91,0.9145,0.9299995303153992,31,0.2864232063293457,0.307981968406708,0.44798803329467773,0.6693190932273865,0.4055028557777405,1.868605613708496e-05,3.5269606497979935e-05,0.22115116638521995,1937.8742006363407,0.1130041629076004,0.04112912341952324,0.07467719912528992,1.0,7.558262348175049,1766.0548095703125,0.8830274343490601,0.8530229191427876,0.29538725381683617,0.05853803505457725,0.9046150738564915,0.0001,0.0001,0.0001,0.6931284666061401,0.5030587911605835,0.4969412386417389,0.5030587911605835,0.4969412386417389,0.5041075944900513,0.4958924353122711,0.0008766708779148757,0.0008766744285821915
92,0.924,0.9299995303153992,31,0.27132463455200195,0.29174692351971904,0.4374551475048065,0.6614038944244385,0.41629379987716675,2.3603439331054688e-05,5.188584327697754e-05,0.2156743058754552,1930.7021366242438,0.0967148095369339,0.03827891871333122,0.06251081824302673,1.0,7.555682182312012,1729.130126953125,0.8645650744438171,0.9143047046258901,0.2773411031161435,0.14733797552252584,0.9667366029119783,0.0001,0.0001,0.0001,0.6931235790252686,0.503435492515564,0.49656450748443604,0.503435492515564,0.49656450748443604,0.5049667358398438,0.495033323764801,0.0011326969834044576,0.001132702105678618
93,0.9335,0.9599993824958801,32,0.27814793586730957,0.2897374478634447,0.51557457447052,0.7180352210998535,0.43685510754585266,9.834766387939453e-07,2.2557564079761505e-05,0.22534988494589925,1932.3854713439941,0.21437101066112518,0.06942719966173172,0.1377900093793869,1.0,7.5615434646606445,1810.1378173828125,0.9050689339637756,0.8833157850185828,0.25778733096417267,0.07621004513665623,0.9233141692015552,0.0001,0.0001,0.0001,0.6931461095809937,0.5007208585739136,0.4992791712284088,0.5007208585739136,0.4992791712284088,0.5032606720924377,0.49673932790756226,0.0008092892239801586,0.000809288292657584
94,0.943,0.9599993824958801,32,0.23876075446605682,0.24870915384963155,0.4027065932750702,0.6345916986465454,0.4152115285396576,7.516145706176758e-05,3.531109541654587e-05,0.20385883329436183,1943.5608596801758,0.2611216902732849,0.07528724521398544,0.16834533214569092,1.0,7.5680952072143555,1846.5009765625,0.9232504963874817,0.7550342776128011,0.3470465451252796,0.14578450415935723,0.8436653284962389,0.0001,0.0001,0.0001,0.6930719614028931,0.5061327219009399,0.49386733770370483,0.5061327219009399,0.49386733770370483,0.5039196014404297,0.4960804283618927,0.001518945093266666,0.0015189452096819878
95,0.9525,0.9599993824958801,32,0.2703233063220978,0.2815867855679244,0.4609631896018982,0.6789426803588867,0.4223177134990692,5.829334259033203e-05,5.752500146627426e-05,0.20616715401411057,1936.0051078796387,0.11717967689037323,0.04433366656303406,0.07617530226707458,1.0,7.556827068328857,1749.5660400390625,0.8747830390930176,0.8195946829616406,0.29105855841641864,0.11243103022267517,0.8769784862374721,0.0001,0.0001,0.0001,0.6930888295173645,0.505399763584137,0.49460023641586304,0.505399763584137,0.49460023641586304,0.5050855278968811,0.4949144721031189,0.0017055129865184426,0.0017055160133168101
96,0.962,0.9899995923042297,33,0.32904529571533203,0.3323689696915222,0.45509007573127747,0.6746036410331726,0.42300641536712646,1.2487173080444336e-05,2.1394455071651574e-05,0.2215017518310836,1903.115204782197,0.07555699348449707,0.03861372545361519,0.0473962128162384,1.0,7.534651756286621,1585.820556640625,0.7929102778434753,0.9578421252089006,0.11046968475338885,0.21311918090706078,0.9874638592600302,0.0001,0.0001,0.0001,0.6931346654891968,0.5024999976158142,0.4975000023841858,0.4975000023841858,0.5024999976158142,0.5028530359268188,0.4971470236778259,0.0016020417679101229,0.0016020332695916295
97,0.9715,0.9899995923042297,33,0.32057398557662964,0.32381214472380554,0.5249672532081604,0.7245462536811829,0.44313451647758484,1.8298625946044922e-05,1.3735258218013879e-05,0.23358791005430798,1932.3187773733428,0.12648871541023254,0.04969191178679466,0.0794186219573021,1.0,7.5511474609375,1732.597412109375,0.8662987351417542,1.0086182887583004,0.029273814576806476,0.1272152406610251,1.0170307399946386,0.0001,0.0001,0.0001,0.6931288838386536,0.5030244588851929,0.49697554111480713,0.49697554111480713,0.5030244588851929,0.5022187829017639,0.49778127670288086,0.0013976047048345208,0.0013976017944514751
98,0.981,0.9899995923042297,33,0.28541645407676697,0.2882994555614211,0.46423882246017456,0.6813507080078125,0.4292830526828766,4.649162292480469e-05,6.766933383363666e-05,0.21205951137976212,1937.1112245501895,0.14425250887870789,0.05322670191526413,0.09166942536830902,1.0,7.55507755279541,1760.33349609375,0.88016676902771,1.3170473521397006,0.19509480069125418,0.1590883917982995,1.3408895649679455,0.0001,0.0001,0.0001,0.6931006908416748,0.5048231482505798,0.49517691135406494,0.5048231482505798,0.49517691135406494,0.5057038068771362,0.49429628252983093,0.0011446501594036818,0.0011446503922343254
99,0.9905,1.0199995040893555,34,0.3204840421676636,0.3142000254901016,0.5027755498886108,0.7090666890144348,0.44549787044525146,1.2964010238647461e-05,6.651527741376092e-05,0.22371194226776853,1927.0224070829504,0.11580885201692581,0.047950465232133865,0.07113718241453171,1.0,7.547826766967773,1707.30615234375,0.853653073310852,1.1424805900114885,0.15508105909158143,0.17217858005546233,1.1657433237517942,0.0001,0.0001,0.0001,0.6931341886520386,0.5025513172149658,0.49744874238967896,0.5025513172149658,0.49744874238967896,0.5055851936340332,0.4944148361682892,0.0014390235301107168,0.0014390305150300264
